{"cameraMode":{"drawMode":0,"name":"Shaded","section":"Shading Mode"},"sceneLighting":true,"audioPlay":false,"sceneViewState":{"m_AlwaysRefresh":false,"showFog":true,"showSkybox":true,"showFlares":true,"showImageEffects":true,"showParticleSystems":true,"showVisualEffectGraphs":true,"m_FxEnabled":true},"in2DMode":false,"pivot":{"x":-0.264011025428772,"y":0.9405523538589478,"z":1.7749814987182618},"rotation":{"x":0.07136770337820053,"y":0.12534181773662568,"z":-0.009040307253599167,"w":0.9895047545433044},"size":2.3893890380859377,"orthographic":false}